WKT,id,name,alt_name,latitude,longitude
POINT (106.854 -6.4817),3201,KAB. BOGOR,KAB. BOGOR,-6.4817,106.854
POINT (106.5517 -6.9857),3202,KAB. SUKABUMI,KAB. SUKABUMI,-6.9857,106.5517
POINT (107.1425 -6.8205),3203,KAB. CIANJUR,KAB. CIANJUR,-6.8205,107.1425
POINT (107.5191 -7.0253),3204,KAB. BANDUNG,KAB. BANDUNG,-7.0253,107.5191
POINT (107.9087 -7.2279),3205,KAB. GARUT,KAB. GARUT,-7.2279,107.9087
POINT (108.1117 -7.35),3206,KAB. TASIKMALAYA,KAB. TASIKMALAYA,-7.35,108.1117
POINT (108.3534 -7.3258),3207,KAB. CIAMIS,KAB. CIAMIS,-7.3258,108.3534
POINT (108.4838 -6.9759),3208,KAB. KUNINGAN,KAB. KUNINGAN,-6.9759,108.4838
POINT (108.48 -6.76),3209,KAB. CIREBON,KAB. CIREBON,-6.76,108.48
POINT (108.2274 -6.8364),3210,KAB. MAJALENGKA,KAB. MAJALENGKA,-6.8364,108.2274
POINT (107.9239 -6.8595),3211,KAB. SUMEDANG,KAB. SUMEDANG,-6.8595,107.9239
POINT (108.32 -6.3264),3212,KAB. INDRAMAYU,KAB. INDRAMAYU,-6.3264,108.32
POINT (107.761 -6.5715),3213,KAB. SUBANG,KAB. SUBANG,-6.5715,107.761
POINT (107.4431 -6.5569),3214,KAB. PURWAKARTA,KAB. PURWAKARTA,-6.5569,107.4431
POINT (107.3376 -6.3015),3215,KAB. KARAWANG,KAB. KARAWANG,-6.3015,107.3376
POINT (107.1528 -6.2616),3216,KAB. BEKASI,KAB. BEKASI,-6.2616,107.1528
POINT (107.49 -6.843),3217,KAB. BANDUNG BARAT,KAB. BANDUNG BARAT,-6.843,107.49
POINT (108.65 -7.6858),3218,KAB. PANGANDARAN,KAB. PANGANDARAN,-7.6858,108.65
POINT (106.806 -6.5971),3271,KOTA BOGOR,KOTA BOGOR,-6.5971,106.806
POINT (106.93 -6.9277),3272,KOTA SUKABUMI,KOTA SUKABUMI,-6.9277,106.93
POINT (107.6191 -6.9175),3273,KOTA BANDUNG,KOTA BANDUNG,-6.9175,107.6191
POINT (108.557 -6.7063),3274,KOTA CIREBON,KOTA CIREBON,-6.7063,108.557
POINT (106.9756 -6.2383),3275,KOTA BEKASI,KOTA BEKASI,-6.2383,106.9756
POINT (106.7942 -6.4025),3276,KOTA DEPOK,KOTA DEPOK,-6.4025,106.7942
POINT (107.542 -6.8722),3277,KOTA CIMAHI,KOTA CIMAHI,-6.8722,107.542
POINT (108.2207 -7.3274),3278,KOTA TASIKMALAYA,KOTA TASIKMALAYA,-7.3274,108.2207
POINT (108.5372 -7.3707),3279,KOTA BANJAR,KOTA BANJAR,-7.3707,108.5372
